[{"model": "admin.logentry", "pk": 1, "fields": {"action_time": "2021-10-15T09:03:29.992Z",
  "user": 1, "content_type": 7, "object_id": "2", "object_repr": "Синяя куртка The North Face | Одежда", "action_flag": 1,
  "change_message": "[{\"added\": {}}]"}},
  {"model": "admin.logentry", "pk": 2, "fields": {"action_time": "2021-10-15T09:04:47.565Z", "user": 1, "content_type": 7, "object_id": "3", "object_repr": "Коричневый спортивный oversized-топ ASOS DESIGN | Одежда", "action_flag": 1, "change_message": "[{\"added\": {}}]"}}, {"model": "admin.logentry", "pk": 3, "fields": {"action_time": "2021-10-15T09:04:56.116Z", "user": 1, "content_type": 7, "object_id": "2", "object_repr": "Синяя куртка The North Face | Одежда", "action_flag": 2, "change_message": "[{\"changed\": {\"fields\": [\"Quantity\"]}}]"}}, {"model": "admin.logentry", "pk": 4, "fields": {"action_time": "2021-10-15T09:05:57.659Z", "user": 1, "content_type": 7, "object_id": "4", "object_repr": "Черный рюкзак Nike Heritage | Аксессуары", "action_flag": 1, "change_message": "[{\"added\": {}}]"}}, {"model": "admin.logentry", "pk": 5, "fields": {"action_time": "2021-10-15T09:07:13.837Z", "user": 1, "content_type": 7, "object_id": "5", "object_repr": "Черные туфли на платформе с 3 парами люверсов Dr Martens 1461 Bex | Обувь", "action_flag": 1, "change_message": "[{\"added\": {}}]"}},
  {"model": "admin.logentry", "pk": 6, "fields": {"action_time": "2021-10-15T09:08:25.678Z", "user": 1, "content_type": 7, "object_id": "6", "object_repr": "Темно-синие широкие строгие брюки ASOS DESIGN | Одежда", "action_flag": 1, "change_message": "[{\"added\": {}}]"}}, {"model": "admin.logentry", "pk": 7, "fields": {"action_time": "2021-10-15T09:09:35.683Z", "user": 1, "content_type": 7, "object_id": "5", "object_repr": "Черные туфли на платформе с 3 парами люверсов Dr Martens 1461 Bex | Обувь", "action_flag": 2, "change_message": "[{\"changed\": {\"fields\": [\"Price\"]}}]"}}, {"model": "admin.logentry", "pk": 8, "fields": {"action_time": "2021-11-08T14:26:12.040Z", "user": 1, "content_type": 8, "object_id": "32", "object_repr": "wet", "action_flag": 3, "change_message": ""}}, {"model": "admin.logentry", "pk": 9, "fields": {"action_time": "2021-11-08T20:12:45.369Z", "user": 1, "content_type": 8, "object_id": "31", "object_repr": "id16286175", "action_flag": 3, "change_message": ""}}, {"model": "admin.logentry", "pk": 10, "fields": {"action_time": "2021-11-08T20:12:45.379Z", "user": 1, "content_type": 8, "object_id": "30", "object_repr": "DGshdhgj", "action_flag": 3, "change_message": ""}}, {"model": "admin.logentry", "pk": 11, "fields": {"action_time": "2021-11-08T20:12:45.417Z", "user": 1, "content_type": 8, "object_id": "29", "object_repr": "dgfbfn", "action_flag": 3, "change_message": ""}}, {"model": "admin.logentry", "pk": 12, "fields": {"action_time": "2021-11-08T20:12:45.422Z", "user": 1, "content_type": 8, "object_id": "28", "object_repr": "verifyv", "action_flag": 3, "change_message": ""}}, {"model": "admin.logentry", "pk": 13, "fields": {"action_time": "2021-11-08T20:12:45.435Z", "user": 1, "content_type": 8, "object_id": "27", "object_repr": "Siara", "action_flag": 3, "change_message": ""}}, {"model": "admin.logentry", "pk": 14, "fields": {"action_time": "2021-11-08T20:12:45.451Z", "user": 1, "content_type": 8, "object_id": "26", "object_repr": "jSFGB", "action_flag": 3, "change_message": ""}}, {"model": "admin.logentry", "pk": 15, "fields": {"action_time": "2021-11-08T20:12:45.454Z", "user": 1, "content_type": 8, "object_id": "25", "object_repr": "zdhzdjdzj", "action_flag": 3, "change_message": ""}}, {"model": "admin.logentry", "pk": 16, "fields": {"action_time": "2021-11-08T20:12:45.460Z", "user": 1, "content_type": 8, "object_id": "24", "object_repr": "dzhdz", "action_flag": 3, "change_message": ""}}, {"model": "admin.logentry", "pk": 17, "fields": {"action_time": "2021-11-08T20:12:45.465Z", "user": 1, "content_type": 8, "object_id": "23", "object_repr": "Nik", "action_flag": 3, "change_message": ""}}, {"model": "admin.logentry", "pk": 18, "fields": {"action_time": "2021-11-08T20:12:45.468Z", "user": 1, "content_type": 8, "object_id": "22", "object_repr": "Naxim", "action_flag": 3, "change_message": ""}}, {"model": "admin.logentry", "pk": 19, "fields": {"action_time": "2021-11-08T20:12:45.506Z", "user": 1, "content_type": 8, "object_id": "21", "object_repr": "Casy", "action_flag": 3, "change_message": ""}}, {"model": "admin.logentry", "pk": 20, "fields": {"action_time": "2021-11-08T20:12:45.511Z", "user": 1, "content_type": 8, "object_id": "20", "object_repr": "Fox", "action_flag": 3, "change_message": ""}}, {"model": "admin.logentry", "pk": 21, "fields": {"action_time": "2021-11-08T20:12:45.514Z", "user": 1, "content_type": 8, "object_id": "19", "object_repr": "zdghzdhz", "action_flag": 3, "change_message": ""}}, {"model": "admin.logentry", "pk": 22, "fields": {"action_time": "2021-11-08T20:12:45.518Z", "user": 1, "content_type": 8, "object_id": "18", "object_repr": "M", "action_flag": 3, "change_message": ""}}, {"model": "admin.logentry", "pk": 23, "fields": {"action_time": "2021-11-08T20:12:45.522Z", "user": 1, "content_type": 8, "object_id": "17", "object_repr": "jfgsg", "action_flag": 3, "change_message": ""}}, {"model": "admin.logentry", "pk": 24, "fields": {"action_time": "2021-11-08T20:12:45.525Z", "user": 1, "content_type": 8, "object_id": "16", "object_repr": "fhdzfhzdfh", "action_flag": 3, "change_message": ""}}, {"model": "admin.logentry", "pk": 25, "fields": {"action_time": "2021-11-08T20:12:45.527Z", "user": 1, "content_type": 8, "object_id": "15", "object_repr": "xcnfgnxfgn", "action_flag": 3, "change_message": ""}}, {"model": "admin.logentry", "pk": 26, "fields": {"action_time": "2021-11-08T20:12:45.531Z", "user": 1, "content_type": 8, "object_id": "14", "object_repr": "fdgfhfzb", "action_flag": 3, "change_message": ""}}, {"model": "admin.logentry", "pk": 27, "fields": {"action_time": "2021-11-08T20:12:45.570Z", "user": 1, "content_type": 8, "object_id": "13", "object_repr": "Maxim", "action_flag": 3, "change_message": ""}}, {"model": "admin.logentry", "pk": 28, "fields": {"action_time": "2021-11-08T20:12:45.573Z", "user": 1, "content_type": 8, "object_id": "12", "object_repr": "Лариса", "action_flag": 3, "change_message": ""}}, {"model": "admin.logentry", "pk": 29, "fields": {"action_time": "2021-11-08T20:12:45.576Z", "user": 1, "content_type": 8, "object_id": "11", "object_repr": "Maraiy", "action_flag": 3, "change_message": ""}}, {"model": "admin.logentry", "pk": 30, "fields": {"action_time": "2021-11-08T20:12:45.578Z", "user": 1, "content_type": 8, "object_id": "9", "object_repr": "Leonard", "action_flag": 3, "change_message": ""}}, {"model": "admin.logentry", "pk": 31, "fields": {"action_time": "2021-11-08T20:12:45.581Z", "user": 1, "content_type": 8, "object_id": "8", "object_repr": "Leo", "action_flag": 3, "change_message": ""}}, {"model": "admin.logentry", "pk": 32, "fields": {"action_time": "2021-11-08T20:12:45.588Z", "user": 1, "content_type": 8, "object_id": "7", "object_repr": "Max", "action_flag": 3, "change_message": ""}}, {"model": "admin.logentry", "pk": 33, "fields": {"action_time": "2021-11-08T20:12:45.592Z", "user": 1, "content_type": 8, "object_id": "6", "object_repr": "GDeSDg", "action_flag": 3, "change_message": ""}}, {"model": "admin.logentry", "pk": 34, "fields": {"action_time": "2021-11-08T20:12:45.630Z", "user": 1, "content_type": 8, "object_id": "4", "object_repr": "sfa", "action_flag": 3, "change_message": ""}}, {"model": "admin.logentry", "pk": 35, "fields": {"action_time": "2021-11-08T20:12:45.633Z", "user": 1, "content_type": 8, "object_id": "3", "object_repr": "John", "action_flag": 3, "change_message": ""}}, {"model": "admin.logentry", "pk": 36, "fields": {"action_time": "2021-11-08T20:12:45.636Z", "user": 1, "content_type": 8, "object_id": "2", "object_repr": "larisa", "action_flag": 3, "change_message": ""}}, {"model": "admin.logentry", "pk": 37, "fields": {"action_time": "2021-11-08T20:16:53.023Z", "user": 1, "content_type": 8, "object_id": "33", "object_repr": "Larisa", "action_flag": 1, "change_message": "[{\"added\": {}}]"}}, {"model": "admin.logentry", "pk": 38, "fields": {"action_time": "2021-11-08T20:18:51.507Z", "user": 1, "content_type": 8, "object_id": "33", "object_repr": "Larisa", "action_flag": 3, "change_message": ""}}, {"model": "sessions.session", "pk": "3b6h5dtgo43j2qin8khk6t2kuafo8sl1", "fields": {"session_data": ".eJxVjMsOwiAUBf-FtSG8SsCle7-BcB9I1dCktKvGf7dNutDtmZmziZTXpaa185xGElehxeV3g4wvbgegZ26PSeLUlnkEeSjypF3eJ-L37XT_Dmruda8Bchw8gvHkECyo6FWIyGRdcQNiRK1jNLxDJq2MNYUCUtEqeGdzEJ8v_yQ4XA:1mkAzR:P8eSY8q2fsBbIb6WpDjFYeBkriYCT4ZfnVylPPdathM", "expire_date": "2021-11-22T20:11:37.910Z"}}, {"model": "sessions.session", "pk": "64p22tsvjyafyb3qef2w1tr1c7m21cbb", "fields": {"session_data": "eyJ2ay1vYXV0aDJfc3RhdGUiOiJiTEZ0eWhUREtaYjFoQUFjTkxOQ0o3UWd1eWh2cGd6TyJ9:1mk2iJ:HlCxlq6Aq6FT66bhqAidpJW0NoDar5nCLyxCZCnWlAE", "expire_date": "2021-11-22T11:21:23.466Z"}}, {"model": "sessions.session", "pk": "aoy3c704gitaigdfmwngd95ytu2q7g45", "fields": {"session_data": "e30:1mk4vH:k_XhmNCmxtkO3P5zadnabfFp2ywM2yR33dXrv1Ns3tw", "expire_date": "2021-11-22T13:42:55.656Z"}}, {"model": "sessions.session", "pk": "bpdvremp45kziqzbo8pbr0ck2ro9d5lb", "fields": {"session_data": ".eJxVjMsOwiAQRf-FtSE8ijAu3fcbmoEZpGogKe3K-O_apAvd3nPOfYkJt7VMW-dlmklcxKDF6XeMmB5cd0J3rLcmU6vrMke5K_KgXY6N-Hk93L-Dgr18a0QPBFZrwrMPRoN1LqkwsLIOIgVCDMBGZ2edihzRJEMMGLL1Nicv3h_9EDg8:1mkjQi:O3O4Nf3s8vw2Bo-nCuv86eIA9PRwWAtg5QFz_DNYH68", "expire_date": "2021-11-24T08:58:04.278Z"}}, {"model": "sessions.session", "pk": "ep571rmp5tn03iu2x26sw7u98volsprt", "fields": {"session_data": ".eJxVj8tqwzAQRf9F69bRw1Gt7FoaGtOFyaakKzGyRrVrY4Mli9KQf48cTGm253LunTmTAX8C2ZENeSCxexxhDg3XPkDARPeGluUnHm3-Nr8e2Hd1eon7IWJV_vZxKqck6cXQs8dJtzYpIr-HBuoOhyXxY91Cr-txwmylPotd9vFePS-r914DvknSFkwhgEoqJWU1U05aynNnmOTohHGoDOdPAlEIapTjSnJLFQNutsxiXqTSdfdW3YMPuh-_2uHfYX9_k8sVtyVZOA:1mlVQd:MW0fWT5kwE6e2Z5ILwlBRNI7By_jlD61f69V_tou9CM", "expire_date": "2021-11-26T12:13:11.907Z"}}, {"model": "sessions.session", "pk": "gf8qj5sq7czopjozeakjlpmv4nua1hfs", "fields": {"session_data": ".eJxVjMsOwiAUBf-FtSG8SsCle7-BcB9I1dCktKvGf7dNutDtmZmziZTXpaa185xGElehxeV3g4wvbgegZ26PSeLUlnkEeSjypF3eJ-L37XT_Dmruda8Bchw8gvHkECyo6FWIyGRdcQNiRK1jNLxDJq2MNYUCUtEqeGdzEJ8v_yQ4XA:1msRFn:eYYZstBfPvTCg4Byol3VhYXrmLHRrB2XerloYDlLAjA", "expire_date": "2021-12-15T15:10:39.777Z"}}, {"model": "sessions.session", "pk": "hpxkwfunyth1ge3gkitiqr86v38egdqz", "fields": {"session_data": ".eJxVjMsOwiAUBf-FtSG8SsCle7-BcB9I1dCktKvGf7dNutDtmZmziZTXpaa185xGElehxeV3g4wvbgegZ26PSeLUlnkEeSjypF3eJ-L37XT_Dmruda8Bchw8gvHkECyo6FWIyGRdcQNiRK1jNLxDJq2MNYUCUtEqeGdzEJ8v_yQ4XA:1mfgkI:OB4TGqVA4TNqkDZLJ4BbfoKFNFJiSqjVgyoTi1v9Vik", "expire_date": "2021-11-10T11:05:26.073Z"}}, {"model": "sessions.session", "pk": "mq97xd7cp10yvmlc528fj7tlwmsqzz3e", "fields": {"session_data": "e30:1mk362:rEA9RdNGg3vYV03Z_WM1hpTb0zEooSQ4tR8PZJXQNrc", "expire_date": "2021-11-22T11:45:54.816Z"}}, {"model": "sessions.session", "pk": "peyudqn8wz7blu60swwqdr7cofpegqnr", "fields": {"session_data": "eyJ2ay1vYXV0aDJfc3RhdGUiOiJFbHdaUTVKZU9yUVprUlVqQzlERXVITHVKNlQyYnNXUyJ9:1mk39P:WwwgV5XLNQ39pMX0r98NK2QtP6bpFFZG1e87ZdnCKbg", "expire_date": "2021-11-22T11:49:23.916Z"}}, {"model": "sessions.session", "pk": "qngzlh65ugw66fw2i34xb8nmkmgr9gu9", "fields": {"session_data": "e30:1mk2su:VzfUDsL-gvNQTYscN5dO13eRkrBJxhlCRwbZhccAI1c", "expire_date": "2021-11-22T11:32:20.584Z"}}, {"model": "sessions.session", "pk": "r4rnnsqxxmz1gg1i63vi7as3rxe4et5s", "fields": {"session_data": "e30:1mkjPr:E7Lvg4Uz54VJrQ_Dh_OWiXmohT989OAkjLd_nX4XWvE", "expire_date": "2021-11-24T08:57:11.782Z"}}, {"model": "sessions.session", "pk": "r5zmox2spm3wenx6xv2o8ha7c984129o", "fields": {"session_data": "e30:1mk3HA:i1S5QZ3VguNettOKPfvghQs2GpIpIGhRyA8wcJamxCE", "expire_date": "2021-11-22T11:57:24.620Z"}}, {"model": "sessions.session", "pk": "vt72tinjbsevsrnwarmpj1othbp0obkf", "fields": {"session_data": ".eJxVjEEOwiAQRe_C2hAYCqUu3XsGwgyMVA0kpV0Z765NutDtf-_9lwhxW0vYel7CnMRZGBCn3xEjPXLdSbrHemuSWl2XGeWuyIN2eW0pPy-H-3dQYi_fOhrSxrOygwWn2XpQiFplkxJRZETATHayTI61AzdZwyN7l3FwowEQ7w8Pjzgw:1mk4sX:ToeBWGjA5tMK7KUTrzz_lAzUKhrn69t4-COtaVOapxw", "expire_date": "2021-11-22T13:40:05.242Z"}}, {"model": "sessions.session", "pk": "wbejxamq8b3t1vcjbi3nciuzncekes7y", "fields": {"session_data": "e30:1mk3LK:eOi5WDW3gICXd5SM5k9B8Z2_JpNqYgKBaqQB8wZbdsM", "expire_date": "2021-11-22T12:01:42.159Z"}}, {"model": "products.productcategory", "pk": 1, "fields": {"name": "Одежда", "description": "Описание для одежды"}}, {"model": "products.productcategory", "pk": 2, "fields": {"name": "Обувь", "description": null}}, {"model": "products.productcategory", "pk": 3, "fields": {"name": "Новинки", "description": null}}, {"model": "products.productcategory", "pk": 4, "fields": {"name": "Аксессуары", "description": null}}, {"model": "products.productcategory", "pk": 5, "fields": {"name": "Подарки", "description": null}}, {"model": "products.product", "pk": 1, "fields": {"name": "Худи черного цвета с монограммами adidas Originals", "image": "products_images/Adidas-hoodie.png", "description": "Мягкая ткань для свитшотов. Стиль и комфорт – это образ жизни.", "price": "6090.00", "quantity": 1, "category": 1}}, {"model": "products.product", "pk": 2, "fields": {"name": "Синяя куртка The North Face", "image": "products_images/Blue-jacket-The-North-Face_XVHqRJg.png", "description": "Гладкая ткань. Водонепроницаемое покрытие. Легкий и теплый пуховый наполнитель.", "price": "23725.00", "quantity": 2, "category": 1}}, {"model": "products.product", "pk": 3, "fields": {"name": "Коричневый спортивный oversized-топ ASOS DESIGN", "image": "products_images/Brown-sports-oversized-top-ASOS-DESIGN_z28HRQd.png", "description": "Материал с плюшевой текстурой. Удобный и мягкий.", "price": "3390.00", "quantity": 2, "category": 1}}, {"model": "products.product", "pk": 4, "fields": {"name": "Черный рюкзак Nike Heritage", "image": "products_images/Black-Nike-Heritage-backpack_54kp08n.png", "description": "Плотная ткань. Легкий материал.", "price": "2340.00", "quantity": 8, "category": 4}}, {"model": "products.product", "pk": 5, "fields": {"name": "Черные туфли на платформе с 3 парами люверсов Dr Martens 1461 Bex", "image": "products_images/Black-Dr-Martens-shoes_P8sndo7.png", "description": "Гладкий кожаный верх. Натуральный материал.", "price": "13590.00", "quantity": 3, "category": 2}}, {"model": "products.product", "pk": 6, "fields": {"name": "Темно-синие широкие строгие брюки ASOS DESIGN", "image": "products_images/Dark-blue-wide-leg-ASOs-DESIGN-trousers_0MH8gOl.png", "description": "Легкая эластичная ткань сирсакер Фактурная ткань.", "price": "2890.00", "quantity": 9, "category": 1}}, {"model": "users.user", "pk": 1, "fields": {"password": "pbkdf2_sha256$260000$fRVQM9i24qhutYBbqfkhpx$t3rnAZP4byHBi0+Rrd/TffN2yTc1V3j3I/Eu9bsWoHQ=", "last_login": "2021-12-01T15:10:39.603Z", "is_superuser": true, "username": "kwazart", "first_name": "", "last_name": "", "email": "", "is_staff": true, "is_active": true, "date_joined": "2021-10-15T08:37:20.467Z", "image": "", "activation_key": "", "activation_key_expires": "2021-11-05T09:28:07.195Z", "groups": [], "user_permissions": []}}, {"model": "users.user", "pk": 34, "fields": {"password": "!1fKQmYw09WhcoqozEeGBzzcji03vZ18I7P3FyklD", "last_login": "2021-12-01T15:10:06.959Z", "is_superuser": false, "username": "id16286175", "first_name": "Лариса", "last_name": "Полозова", "email": "", "is_staff": false, "is_active": true, "date_joined": "2021-11-08T20:19:28.789Z", "image": "", "activation_key": "", "activation_key_expires": "2021-11-10T20:19:11.850Z", "groups": [], "user_permissions": []}}, {"model": "users.user", "pk": 35, "fields": {"password": "pbkdf2_sha256$260000$3tdwPz9EGDbJKUTsvWfsfo$bGCwInyJWEbVeT9vzdcW3LSo6BkqZ+OCjM2rSvDcDPI=", "last_login": "2021-11-09T10:00:37.688Z", "is_superuser": false, "username": "Max", "first_name": "Maxim", "last_name": "gGdG", "email": "fox@mail.ru", "is_staff": false, "is_active": true, "date_joined": "2021-11-09T09:59:57.218Z", "image": "", "activation_key": "a38130e70a4df1082fdd875d24b332c2a8d45900", "activation_key_expires": "2021-11-11T09:59:14.998Z", "groups": [], "user_permissions": []}}, {"model": "users.user", "pk": 36, "fields": {"password": "pbkdf2_sha256$260000$Uv9m0rNaOcWbvFWQUCYQ0U$2Efcs324OYD99+tNvE4B4AKDeQjwUvPNIbvBSyDV7kc=", "last_login": "2021-11-09T11:38:54.828Z", "is_superuser": false, "username": "Leo", "first_name": "Leo", "last_name": "M", "email": "czcas@mail.com", "is_staff": false, "is_active": true, "date_joined": "2021-11-09T10:20:41.232Z", "image": "", "activation_key": "fac1bb74f84342d156da0677ef8f44097c8b0ca1", "activation_key_expires": "2021-11-11T10:06:27.699Z", "groups": [], "user_permissions": []}}, {"model": "users.user", "pk": 37, "fields": {"password": "pbkdf2_sha256$260000$4nzS1fD37Nyi5H7RrgARzY$32NeoOLn7sb/w5FvwT3uBaJXTxTPFxGmX2cU1blXims=", "last_login": null, "is_superuser": false, "username": "M", "first_name": "Maxim", "last_name": "dgSSg", "email": "httpsw@gmail.com", "is_staff": false, "is_active": true, "date_joined": "2021-11-09T10:33:43.507Z", "image": "", "activation_key": "4e717f3d49d3f04a94fb1a72896a2a81ff05f348", "activation_key_expires": "2021-11-11T10:32:50.450Z", "groups": [], "user_permissions": []}}, {"model": "users.user", "pk": 38, "fields": {"password": "pbkdf2_sha256$260000$rr03d6JxTztG9nyrahtmxE$JzoJhPmPgf+1hKA8PFKNeLfG77rtg2bXqYih4+hSbEU=", "last_login": null, "is_superuser": false, "username": "Siara", "first_name": "Siara", "last_name": "Legend", "email": "siara@mail.com", "is_staff": false, "is_active": false, "date_joined": "2021-11-10T08:21:27.258Z", "image": "", "activation_key": "e58212b15c40c8e52004c5e8bc9f904ca126b3cc", "activation_key_expires": "2021-11-12T08:20:13.479Z", "groups": [], "user_permissions": []}}, {"model": "users.user", "pk": 39, "fields": {"password": "pbkdf2_sha256$260000$Dkh9Z4DZNTFij4Omy0GWrh$q3q78GwIqKxiz1HxAT7YVQx4BC5zyuwt5gCjhzos4EU=", "last_login": null, "is_superuser": false, "username": "Mike", "first_name": "Mike", "last_name": "Gkfjslvg", "email": "dhfgdj@mail.ru", "is_staff": false, "is_active": false, "date_joined": "2021-11-10T08:28:24.761Z", "image": "", "activation_key": "632e904bfdbedb84919bdbfd5243d8c002f2324d", "activation_key_expires": "2021-11-12T08:27:20.609Z", "groups": [], "user_permissions": []}}, {"model": "users.user", "pk": 40, "fields": {"password": "pbkdf2_sha256$260000$2eI2Nrj02a4oupViRLhk2N$SxkTsPxt7Cq9eEHvBhqsx7R3absLyKhhLeFGrOEHQL4=", "last_login": null, "is_superuser": false, "username": "rfgFVJ", "first_name": "vcnzfhd", "last_name": "zfbzdfbf", "email": "jbfdsjkd@mail.ru", "is_staff": false, "is_active": true, "date_joined": "2021-11-10T08:32:25.778Z", "image": "", "activation_key": "433bd0650e962793c7bb690f2a50e71170c35cc2", "activation_key_expires": "2021-11-12T08:31:32.279Z", "groups": [], "user_permissions": []}}, {"model": "users.user", "pk": 41, "fields": {"password": "pbkdf2_sha256$260000$70p0j4W8msymtK8yQD401k$FIZle28TR0qBmLqv+xLipb5BpcqYE7NCr6eSR/rWbPw=", "last_login": "2021-11-10T09:06:15.185Z", "is_superuser": false, "username": "Mark", "first_name": "Mark", "last_name": "Fig", "email": "mark@mail.com", "is_staff": false, "is_active": true, "date_joined": "2021-11-10T08:55:40.237Z", "image": "users_images/png-clipart-computer-icons-user-profile-male-avatar-avatar-heroes-logo_Z72tGs5.png", "activation_key": "6e31a47447323a284581100deec674d6b7bceb79", "activation_key_expires": "2021-11-12T08:54:28.714Z", "groups": [], "user_permissions": []}}, {"model": "users.userprofile", "pk": 2, "fields": {"user": 1, "tagline": "", "about_me": "", "gender": ""}}, {"model": "users.userprofile", "pk": 32, "fields": {"user": 34, "tagline": "", "about_me": "", "gender": ""}}, {"model": "users.userprofile", "pk": 33, "fields": {"user": 35, "tagline": "", "about_me": "", "gender": ""}}, {"model": "users.userprofile", "pk": 34, "fields": {"user": 36, "tagline": "", "about_me": "", "gender": ""}}, {"model": "users.userprofile", "pk": 35, "fields": {"user": 37, "tagline": "", "about_me": "", "gender": ""}}, {"model": "users.userprofile", "pk": 36, "fields": {"user": 38, "tagline": "", "about_me": "", "gender": ""}}, {"model": "users.userprofile", "pk": 37, "fields": {"user": 39, "tagline": "", "about_me": "", "gender": ""}}, {"model": "users.userprofile", "pk": 38, "fields": {"user": 40, "tagline": "", "about_me": "", "gender": ""}}, {"model": "users.userprofile", "pk": 39, "fields": {"user": 41, "tagline": "", "about_me": "", "gender": ""}}, {"model": "social_django.usersocialauth", "pk": 2, "fields": {"user": 34, "provider": "vk-oauth2", "uid": "16286175", "extra_data": "{\"auth_time\": 1638371406, \"id\": 16286175, \"expires\": 86399, \"access_token\": \"6fdac01785daf59f0aaa2c81b53fae7500e2bde69c2470f1e5b898f5f385133eb9c8798a358e47048492a\", \"token_type\": null}", "created": "2021-11-08T20:19:28.802Z", "modified": "2021-12-01T15:10:06.508Z"}}, {"model": "ordersapp.order", "pk": 1, "fields": {"user": 34, "created": "2021-11-12T11:22:05.633Z", "updated": "2021-11-12T11:47:15.193Z", "status": "FM", "is_active": false}}, {"model": "ordersapp.order", "pk": 2, "fields": {"user": 34, "created": "2021-11-12T11:48:03.640Z", "updated": "2021-11-12T11:49:10.325Z", "status": "FM", "is_active": false}}, {"model": "ordersapp.order", "pk": 3, "fields": {"user": 34, "created": "2021-11-12T11:49:57.389Z", "updated": "2021-11-12T11:49:57.408Z", "status": "FM", "is_active": false}}, {"model": "ordersapp.order", "pk": 4, "fields": {"user": 34, "created": "2021-11-12T11:50:27.314Z", "updated": "2021-11-12T12:12:55.726Z", "status": "STP", "is_active": false}}, {"model": "ordersapp.order", "pk": 5, "fields": {"user": 34, "created": "2021-11-12T12:14:04.281Z", "updated": "2021-11-30T11:09:35.894Z", "status": "FM", "is_active": true}}, {"model": "ordersapp.order", "pk": 6, "fields": {"user": 34, "created": "2021-11-15T09:53:50.521Z", "updated": "2021-11-15T16:58:46.312Z", "status": "FM", "is_active": false}}, {"model": "ordersapp.order", "pk": 7, "fields": {"user": 34, "created": "2021-11-15T18:26:15.551Z", "updated": "2021-11-15T18:26:34.682Z", "status": "FM", "is_active": false}}, {"model": "ordersapp.order", "pk": 8, "fields": {"user": 34, "created": "2021-11-16T09:37:28.616Z", "updated": "2021-11-16T12:32:41.552Z", "status": "FM", "is_active": false}}, {"model": "ordersapp.orderitem", "pk": 1, "fields": {"order": 1, "product": 1, "quantity": 1}}, {"model": "ordersapp.orderitem", "pk": 2, "fields": {"order": 2, "product": 2, "quantity": 1}}, {"model": "ordersapp.orderitem", "pk": 3, "fields": {"order": 2, "product": 3, "quantity": 1}}, {"model": "ordersapp.orderitem", "pk": 4, "fields": {"order": 4, "product": 1, "quantity": 1}}, {"model": "ordersapp.orderitem", "pk": 6, "fields": {"order": 4, "product": 2, "quantity": 1}}, {"model": "ordersapp.orderitem", "pk": 7, "fields": {"order": 5, "product": 3, "quantity": 1}}, {"model": "ordersapp.orderitem", "pk": 36, "fields": {"order": 8, "product": 1, "quantity": 1}}, {"model": "ordersapp.orderitem", "pk": 49, "fields": {"order": 5, "product": 4, "quantity": 1}}, {"model": "ordersapp.orderitem", "pk": 50, "fields": {"order": 5, "product": 5, "quantity": 1}}]